{
    "known": {
        "data": [
            1,
            2,
            3,
            4,
            5,
            6,
            7,
            8,
            9,
            10,
            11,
            12,
            13,
            14,
            15,
            16,
            17,
            18,
            19,
            20,
            21,
            22,
            23,
            24,
            25,
            26,
            27,
            28,
            29,
            30,
            31,
            32,
            33,
            34,
            56,
            57,
            58,
            59,
            60,
            61,
            62,
            63,
            93,
            94,
            95,
            96,
            97,
            98,
            99,
            100
        ],
        "type": "Int64"
    },
    "y": {
        "data": [
            -0.018544850233976857,
            -0.012519587728154227,
            -0.008576359867633287,
            -0.006259614712927622,
            -0.00528798643239632,
            -0.005556314098980758,
            -0.007141681626476858,
            -0.010315802217598136,
            -0.015563803097407129,
            -0.02360693313330985,
            -0.035424009467075454,
            -0.05226373034167797,
            -0.07563765706043261,
            -0.10728223000898464,
            -0.14907828516992175,
            -0.20291884882576125,
            -0.2705210150392058,
            -0.35318557435338555,
            -0.45151829222159173,
            -0.5651381419453002,
            -0.6924084919150273,
            -0.8302348638652158,
            -0.973974988685637,
            -1.117501557782237,
            -1.2534444541532932,
            -1.3736180452086029,
            -1.469612748293751,
            -1.5335024737169352,
            -1.5585955465530406,
            -1.5401411297367917,
            -1.4758997863403815,
            -1.3664974359868916,
            -1.2155058784816721,
            -1.0292270424601773,
            1.1763799597367568,
            1.2030494148083597,
            1.2195202087416197,
            1.2225871393179912,
            1.2098545099170757,
            1.1799928798748218,
            1.132877947929505,
            1.069598650175686,
            0.10852777394335737,
            0.15164503068199517,
            0.20762865586749138,
            0.2785457662138646,
            0.3661407793906163,
            0.4715622584153703,
            0.5950703713629943,
            0.7357590036488998
        ],
        "type": "Float64"
    }
}
